MAIN_ID,RAJ2000 ( deg ),DEJ2000 ( deg ),j,h,k
02593140+0037001,44.880847,0.616721,13.799,13.222,13.167
02594061+0036379,44.919229,0.610531,16.794,16.093,15.451
02594119+0037029,44.921658,0.617475,14.666,14.261,14.14
02593744+0037364,44.906036,0.626795,15.339,14.535,13.654
02594451+0037172,44.93548,0.621464,16.35,15.759,15.198
02594505+0037281,44.937738,0.624476,8.227,8.079,7.871
02594507+0037313,44.937798,0.625384,8.562,8.094,7.972
02593978+0038049,44.915768,0.634722,16.275,15.532,15.565
02593536+0037460,44.897343,0.629454,15.688,15.529,15.062
02593826+0038085,44.909451,0.635709,16.609,16.244,15.903
02594293+0039081,44.928898,0.652274,15.445,14.776,14.075
02590196+0032311,44.758169,0.541978,16.389,16.007,15.598
02585106+0033053,44.712783,0.551478,15.211,14.939,14.893
02585021+0033391,44.709229,0.560866,16.407,16.099,16.431
02585351+0034148,44.722959,0.570782,16.583,16.137,16.19
02585485+0034233,44.728542,0.573165,16.422,16.205,15.693
02590678+0034026,44.778275,0.567403,15.414,15.084,14.604
02591106+0035196,44.796119,0.588788,13.445,12.971,12.812
02590239+0035201,44.759992,0.588939,16.286,15.393,15.309
02590726+0036306,44.780282,0.608514,15.426,14.944,14.809
02585051+0034590,44.710493,0.583058,15.865,15.136,14.525
02585073+0035028,44.711393,0.584119,15.295,14.791,14.5
02585168+0035572,44.715355,0.599225,15.31,14.597,14.637
02584334+0035175,44.680588,0.588217,14.609,14.314,14.104
02584474+0037109,44.686457,0.619707,14.53,14.223,14.208
02585324+0037118,44.721867,0.619964,13.919,13.211,13.122
02585637+0037380,44.734881,0.627242,12.113,11.78,11.694
02590194+0037125,44.758113,0.620153,17.162,15.829,15.376
02590046+0038341,44.751938,0.642826,13.765,13.121,12.95
02585319+0037260,44.72165,0.62389,14.442,14.02,13.954
02584825+0037377,44.701082,0.627162,15.409,15.006,14.897
02584866+0038248,44.702791,0.64024,13.755,13.178,12.948
02585562+0038577,44.731753,0.649363,15.096,14.62,14.453
02585721+0039402,44.738388,0.661169,14.919,14.404,14.303
02592175+0037542,44.840632,0.631733,14.1,13.464,13.265
02591145+0037318,44.797748,0.625525,15.352,14.85,14.886
02591130+0037511,44.79709,0.630866,9.462,9.29,9.201
02590932+0037567,44.788864,0.63244,16.755,15.544,14.814
02593634+0039502,44.901453,0.663969,13.39,12.851,12.51
02592551+0040481,44.856295,0.680048,8.882,8.616,8.56
02592557+0040564,44.856553,0.682358,13.869,13.752,13.295
02590847+0038251,44.785319,0.640323,16.398,15.889,15.408
02590916+0039185,44.788202,0.655162,15.973,15.531,14.965
02591358+0040173,44.806605,0.671498,15.77,15.275,15.149
02590526+0041524,44.771958,0.697915,16.373,15.634,15.013
02591069+0043102,44.794553,0.719519,16.459,16.263,16.233
02591588+0043317,44.816167,0.72549,14.996,14.406,14.239
02575067+0027417,44.461157,0.461605,15.449,14.891,14.732
02574683+0028265,44.445146,0.474037,16.127,15.826,15.801
02575032+0028595,44.45968,0.483199,14.214,13.861,13.713
02575625+0030117,44.484404,0.503274,15.937,15.499,15.036
02575538+0030447,44.480787,0.512437,16.657,15.948,15.347
02575478+0030556,44.478272,0.515467,14.073,13.552,13.477
02580464+0030460,44.519367,0.512782,14.861,14.409,13.865
02581116+0030443,44.546508,0.51232,15.712,15.012,14.712
02581001+0030543,44.541744,0.515097,15.59,14.903,14.416
02580697+0030560,44.52907,0.51557,15.47,14.924,14.9
02580651+0031228,44.527155,0.523014,15.667,15.403,14.865
02581041+0031404,44.54339,0.527889,15.382,14.934,14.944
02580937+0032213,44.539059,0.539267,14.546,14.262,14.102
02580118+0031397,44.504928,0.527703,15.445,15.131,14.633
02575640+0030566,44.485031,0.515746,16.097,15.415,15.178
02580163+0031545,44.506811,0.531823,16.576,16.298,15.615
02580336+0032274,44.514033,0.540968,16.632,16.198,16.007
02574336+0030288,44.43067,0.508007,16.616,16.115,16.104
02574096+0030479,44.420697,0.513315,16.006,15.366,15.13
02574995+0030406,44.458163,0.511302,13.768,13.501,13.43
02573580+0031473,44.39919,0.529822,13.273,12.875,12.797
02575453+0033020,44.477219,0.550576,15.982,15.355,15.268
02575788+0034199,44.49119,0.572208,15.67,15.063,15.1
02575364+0034127,44.473519,0.570209,14.044,13.583,13.228
02575206+0034336,44.466924,0.576016,16.477,15.796,15.722
02575144+0034518,44.46434,0.581077,11.403,10.688,10.546
02581599+0032200,44.566645,0.538897,16.701,16.24,15.336
02581648+0032503,44.568667,0.547328,13.269,12.793,12.63
02581445+0033047,44.560213,0.551324,15.334,14.74,14.386
02581864+0034112,44.577667,0.569782,16.496,15.344,15.609
02582542+0033490,44.605926,0.56363,16.351,15.726,15.542
02581984+0034429,44.582703,0.57861,13.68,13.089,12.846
02581978+0034533,44.58242,0.581487,14.374,13.921,13.81
02582171+0035514,44.590462,0.597627,12.331,11.979,11.896
02582673+0036565,44.611378,0.615702,15.981,15.256,14.82
02582540+0037366,44.605871,0.626852,16.703,16.023,15.107
02580565+0035379,44.52356,0.593863,11.915,11.662,11.588
02581009+0036187,44.54206,0.605199,16.583,16.318,15.637
02575811+0035398,44.492166,0.594413,15.851,15.746,16.011
02575447+0035533,44.476995,0.598151,15.287,15.1,14.989
02580031+0036576,44.501317,0.616009,16.085,15.58,15.527
02582067+0038221,44.586135,0.639488,14.207,13.535,13.398
02581811+0038406,44.575489,0.644631,16.225,15.612,15.733
02581094+0037282,44.545586,0.624526,16.651,15.916,17.162
02581378+0038397,44.557434,0.644382,13.851,13.48,13.374
02581821+0039277,44.575878,0.657717,16.912,16.04,15.469
02573948+0034033,44.414502,0.567606,8.816,8.471,8.358
02573981+0034036,44.415888,0.567678,14.978,10.247,10.369
02573493+0034527,44.395566,0.581308,16.386,15.517,15.336
02574328+0034119,44.430347,0.56998,16.368,16.097,15.56
02574225+0034244,44.426044,0.57346,16.249,15.678,15.125
02574723+0034433,44.446792,0.578703,18.564,17.445,15.304
02574660+0035302,44.444204,0.591725,15.805,15.084,14.578
02574897+0036212,44.454042,0.60591,16.657,15.925,15.102
02572260+0035023,44.344181,0.583999,16.034,15.608,15.471
02572344+0035572,44.347685,0.599239,13.228,12.611,12.485
02572665+0035598,44.361062,0.599968,13.359,12.843,12.765
02572646+0036259,44.360287,0.607218,15.225,14.861,14.62
02571976+0036030,44.332349,0.600854,16.457,15.991,16.794
02573042+0036266,44.37677,0.6074,16.596,16.233,16.228
02573969+0037451,44.41539,0.629195,15.823,15.153,14.951
02572834+0037155,44.36811,0.620996,11.59,11.331,11.229
02572477+0038344,44.353241,0.642906,16.099,15.279,15.012
02573187+0038362,44.382807,0.643392,15.537,15.177,15.107
02574868+0036535,44.452866,0.614879,15.8,15.221,14.923
02574860+0037045,44.452516,0.617918,16.24,15.72,15.64
02574756+0038296,44.448208,0.641565,15.696,15.151,14.988
02574976+0039029,44.457366,0.650807,16.225,15.529,15.479
02580246+0039075,44.510262,0.652093,15.304,14.64,14.428
02580252+0040297,44.510538,0.674918,15.774,15.129,15.217
02580273+0041057,44.511395,0.684943,16.792,16.237,15.97
02574584+0039201,44.441039,0.655592,15.006,14.402,14.216
02574234+0039031,44.426438,0.650882,15.849,15.296,14.777
02573943+0039254,44.414303,0.657079,14.341,13.758,13.694
02574850+0040402,44.452102,0.677851,17.002,16.123,15.617
02574756+0040450,44.448182,0.67917,15.849,15.019,14.508
02573545+0039595,44.39771,0.666549,15.808,15.169,15.095
02573608+0040561,44.400339,0.682272,16.512,16.289,15.631
02574288+0040498,44.428694,0.680527,13.525,13.062,12.898
02574301+0042041,44.429233,0.701152,15.409,14.832,14.583
02575191+0041308,44.466321,0.691889,16.375,15.591,14.572
02574935+0042213,44.455638,0.705927,16.135,15.894,15.089
02574754+0042419,44.44812,0.711651,16.942,15.289,15.269
02575569+0043085,44.482056,0.719029,16.56,15.887,15.525
02583356+0036475,44.639867,0.613196,16.237,15.967,15.708
02583438+0037546,44.643256,0.631854,15.965,15.202,15.085
02584897+0039070,44.704073,0.651949,16.433,15.637,15.467
02584430+0039434,44.684585,0.662065,16.568,15.617,15.69
02585075+0040297,44.711471,0.674928,13.465,12.793,12.566
02585033+0041014,44.709709,0.683741,16.634,15.752,15.598
02584000+0040033,44.666705,0.6676,16.643,15.905,15.462
02584200+0040314,44.675035,0.675391,12.208,11.751,11.687
02582523+0038093,44.605132,0.635939,17.048,16.372,15.816
02582443+0038152,44.601815,0.63758,15.651,15.382,14.933
02582583+0039246,44.607656,0.65685,14.788,14.361,14.197
02583016+0040113,44.625678,0.669833,15.692,15.54,15.098
02583045+0041180,44.62688,0.688358,15.951,15.397,15.501
02581874+0040432,44.578113,0.67869,16.267,15.031,14.4
02582072+0041179,44.586372,0.688324,15.394,14.875,14.647
02582234+0041418,44.593084,0.694969,16.427,15.856,15.053
02584271+0041582,44.677985,0.699514,12.31,12.012,11.935
02582769+0042002,44.615381,0.700074,16.593,15.642,15.325
02582948+0042379,44.622835,0.710552,15.651,15.621,15.064
02582878+0043016,44.619928,0.717138,15.151,14.469,14.094
02582980+0043058,44.624207,0.718305,16.925,16.019,15.625
02583724+0043458,44.655205,0.729401,14.198,13.61,13.338
02583541+0044270,44.647573,0.740849,16.277,15.993,15.821
02585706+0042266,44.737769,0.707397,14.327,13.679,13.498
02590435+0042241,44.768143,0.706707,14.941,14.413,14.077
02590477+0042395,44.769901,0.710982,16.371,15.475,15.006
02585091+0042103,44.712162,0.702872,13.232,12.884,12.829
02584679+0042308,44.694994,0.708567,16.059,15.739,15.324
02585140+0043116,44.714177,0.7199,16.114,15.606,15.011
02585610+0043250,44.733767,0.723624,15.036,14.4,14.2
02585498+0043332,44.729108,0.725916,16.72,15.877,15.255
02585617+0044314,44.734062,0.742069,13.594,12.905,12.704
02590768+0042489,44.782016,0.713601,15.787,15.124,14.703
02590737+0042540,44.780747,0.715009,15.832,15.279,15.056
02590934+0043013,44.788955,0.717035,16.643,16.134,15.612
02590706+0043273,44.779424,0.72427,16.656,16.156,15.612
02590946+0044118,44.789457,0.736627,15.958,15.631,15.425
02591052+0044164,44.793849,0.737893,16.251,15.522,14.803
02590120+0044163,44.755031,0.737862,16.134,15.647,15.423
02590761+0045483,44.781725,0.763431,16.217,15.324,14.708
02585096+0044047,44.712336,0.734664,16.539,15.961,15.306
02585303+0044268,44.720961,0.740787,14.339,13.844,13.819
02585193+0044423,44.716416,0.745098,13.818,13.17,13.05
02584832+0045595,44.701334,0.766543,15.624,14.977,14.563
02585889+0045178,44.745378,0.754951,13.44,12.808,12.679
02585736+0047174,44.739004,0.788189,15.105,14.297,13.794
02585892+0047323,44.745532,0.792328,14.977,14.256,13.795
02590027+0047547,44.751129,0.798528,15.597,14.968,14.506
02581667+0041238,44.569467,0.689959,12.878,12.344,12.251
02581144+0042152,44.547672,0.704229,15.602,15.284,15.133
02581351+0043080,44.55632,0.718913,16.971,16.137,16.078
02582590+0043414,44.607932,0.728186,16.103,15.351,15.282
02583497+0044476,44.645734,0.746576,13.458,13.118,13.059
02582754+0044197,44.614772,0.73883,15.704,15.032,15.133
02582640+0044467,44.610012,0.746333,15.996,15.5,15.448
02581932+0044297,44.580539,0.74161,14.256,13.972,13.805
02580267+0043023,44.511129,0.717326,15.88,14.741,14.664
02580972+0043469,44.540515,0.729717,16.907,15.998,15.272
02580557+0044442,44.523222,0.745619,13.704,13.107,12.799
02580988+0045097,44.541183,0.75272,16.48,16.311,17.153
02580745+0045179,44.531064,0.754981,16.812,15.687,15.054
02581459+0045029,44.560797,0.750825,15.438,14.87,14.706
02581225+0045211,44.551062,0.755876,15.379,14.705,14.54
02581781+0045293,44.574212,0.758156,16.557,17.471,17.136
02581279+0045554,44.553323,0.765396,15.241,14.493,14.545
02581348+0046369,44.556173,0.776944,16.479,15.756,15.206
02582376+0046465,44.599021,0.779605,16.064,15.883,15.603
02581115+0047568,44.546476,0.799134,16.903,15.973,15.333
02583708+0045442,44.654515,0.762284,16.931,16.243,15.631
02583873+0046022,44.661381,0.767278,15.54,14.861,14.609
02583839+0046042,44.659981,0.767858,16.795,16.208,15.779
02583856+0046302,44.660708,0.775078,16.952,15.598,15.305
02584437+0047185,44.684899,0.788485,13.514,13.068,12.966
02583009+0047391,44.625388,0.794208,15.275,14.663,14.297
02584535+0047427,44.688971,0.795219,15.872,15.309,15.112
02584897+0047434,44.704042,0.795404,14.081,13.5,13.509
02585021+0049445,44.70923,0.82905,14.732,14.056,13.834
02584274+0048396,44.67811,0.811011,15.635,15.232,14.866
02584428+0048587,44.684504,0.816329,16.519,15.997,15.393
02584615+0051001,44.692323,0.850033,12.548,12.239,12.155
02582621+0047416,44.609233,0.794905,16.201,15.74,15.37
02582808+0047586,44.617012,0.799638,15.46,14.839,14.524
02582979+0048258,44.624149,0.807174,15.68,15.052,14.773
02582948+0049268,44.622851,0.824127,15.714,15.008,14.965
02582798+0050444,44.616621,0.845689,14.643,14.19,14.046
02583995+0050233,44.666499,0.839806,16.593,15.987,15.342
02582967+0050462,44.623642,0.846172,16.353,15.786,15.064
02582852+0050482,44.618866,0.84673,13.676,13.405,13.266
02583251+0052231,44.635471,0.873107,15.911,15.128,15.033
02583123+0052301,44.630151,0.87503,14.519,13.894,13.806
02595996+0037306,44.999851,0.625168,15.864,15.865,15.307
02595979+0037348,44.999148,0.626349,15.661,15.127,14.849
03000806+0037520,45.033623,0.63112,16.089,15.396,15.056
03000949+0038132,45.03955,0.637018,13.35,13.016,12.951
02595484+0037037,44.978518,0.617711,11.31,10.982,10.856
02595468+0038323,44.977861,0.642314,14.448,13.86,13.612
03000075+0039292,45.003153,0.658127,14.795,14.549,14.348
03000926+0038459,45.038617,0.646093,15.672,15.017,14.844
03001114+0039502,45.046456,0.663948,15.564,15.551,15.088
03001430+0040367,45.059621,0.676887,14.028,13.706,13.586
03000690+0040309,45.028778,0.675271,15.483,14.982,14.48
03000546+0040597,45.022776,0.683253,14.03,13.442,13.254
03000507+0040596,45.021148,0.683245,14.851,14.239,14.088
02594953+0038249,44.956388,0.640263,15.892,15.225,14.983
02594812+0038458,44.950506,0.646067,16.256,16.078,15.304
02595651+0040321,44.985485,0.675593,15.621,15.121,15.071
02595389+0040308,44.974574,0.675241,16.389,15.698,15.762
02595581+0040386,44.982576,0.677412,16.481,15.896,15.207
02595538+0040581,44.98075,0.682815,10.918,10.286,10.083
02594522+0040106,44.938456,0.669615,11.792,11.218,10.99
02593981+0040107,44.915911,0.669641,15.98,15.495,15.442
03000561+0041418,45.023399,0.69497,15.976,15.528,14.82
03000463+0041478,45.019332,0.696619,17.26,15.815,15.027
03000107+0044250,45.004493,0.740289,16.699,16.035,15.854
03001367+0041533,45.056989,0.698148,14.193,13.776,13.703
03002215+0044256,45.092328,0.740457,16.751,16.324,15.346
03002125+0044201,45.088556,0.738932,16.551,16.065,16.01
03002804+0044509,45.116873,0.74749,15.027,14.432,14.207
03001054+0044138,45.043945,0.737181,17.076,16.153,15.573
03001469+0044111,45.061238,0.736427,16.608,15.072,14.86
03000407+0044540,45.016991,0.748351,15.985,15.442,15.317
03001178+0046434,45.04909,0.778724,16.423,15.502,14.631
03002102+0045178,45.087586,0.754956,16.193,15.344,15.102
03002183+0045129,45.090965,0.753598,16.503,15.936,14.987
03002439+0045481,45.101633,0.763383,11.447,11.149,11.028
03002419+0046275,45.100826,0.774333,13.723,13.256,13.089
03002668+0047346,45.111181,0.792971,14.041,13.525,13.266
03001760+0046492,45.07337,0.780334,15.313,14.96,14.901
03001721+0047190,45.071735,0.78862,16.337,15.79,15.134
03001408+0047295,45.05868,0.791534,13.698,13.146,12.895
03001827+0048066,45.076155,0.801846,15.971,15.382,14.999
02593985+0040377,44.916073,0.67716,15.09,14.638,14.563
02593763+0041049,44.906794,0.684717,16.515,16.007,15.466
02593868+0041199,44.911199,0.688871,15.398,14.828,14.857
02593995+0042153,44.916485,0.704252,16.172,15.944,15.322
02593813+0042162,44.908912,0.704526,15.77,15.214,14.334
02594632+0041569,44.943026,0.699155,16.629,15.714,15.29
02593698+0043304,44.90411,0.725114,16.965,15.915,15.837
02593753+0043357,44.906404,0.7266,16.213,15.457,15.163
02593554+0043432,44.89812,0.728681,17.448,16.19,15.572
02594742+0043289,44.947599,0.724719,16.755,16.266,15.331
02594769+0043569,44.948739,0.732486,16.785,15.852,15.672
02595631+0044304,44.984642,0.741804,15.29,14.836,14.874
02595948+0044397,44.997856,0.744362,16.99,16.241,15.441
02595816+0044560,44.992369,0.748889,16.306,15.463,14.774
02594913+0045424,44.954717,0.761796,13.992,13.257,13.12
02595075+0045483,44.961473,0.763422,15.997,15.273,15.226
02595170+0046191,44.965457,0.771995,12.556,11.943,11.649
02592532+0043383,44.855527,0.727313,16.415,16.048,15.369
02593524+0044231,44.896868,0.739768,16.414,15.546,15.343
02593168+0044499,44.882019,0.747221,15.508,14.997,14.907
02592059+0044190,44.835801,0.738619,15.869,15.646,15.45
02592860+0046240,44.869174,0.773335,14.225,13.671,13.611
02594036+0045187,44.918169,0.755219,10.364,10.057,9.934
02593760+0045192,44.906704,0.755342,15.564,14.691,14.63
02594606+0046179,44.941931,0.771665,16.646,15.979,15.967
02594326+0047053,44.930289,0.784808,15.711,14.888,14.475
02593535+0047068,44.897306,0.785226,16.13,15.727,15.709
02592982+0046525,44.874251,0.781258,16.563,16.433,17.027
02593333+0047222,44.888877,0.789509,17.294,16.297,15.472
02593818+0048559,44.909092,0.815528,15.492,14.81,14.474
03000565+0047026,45.023559,0.784073,14.303,13.891,13.685
02595286+0046317,44.970265,0.775482,15.873,15.336,15.068
03000069+0048191,45.002901,0.805313,16.57,16.019,15.312
03000056+0048280,45.002367,0.807799,15.092,14.594,14.108
02595826+0048449,44.992782,0.812481,16.771,15.912,15.278
03001441+0048017,45.060045,0.800495,15.137,14.641,14.503
03000861+0048185,45.035892,0.805159,14.072,13.4,13.171
03000742+0049199,45.030939,0.822222,15.92,15.492,15.301
03000106+0049217,45.004445,0.822719,15.752,14.897,14.628
03001451+0050209,45.060466,0.839162,16.145,15.584,15.347
03000696+0050203,45.029024,0.838985,15.692,15.138,14.982
03000879+0050573,45.036645,0.849274,16.042,15.871,15.345
02595264+0048039,44.969371,0.80111,15.548,14.808,14.736
02595038+0048437,44.959924,0.812158,16.49,16.391,15.348
02595420+0049003,44.975838,0.816772,16.469,16.21,15.454
02595715+0049176,44.98815,0.821566,14.816,14.263,14.238
02594831+0049205,44.951302,0.82237,16.409,15.748,15.452
03000174+0049594,45.007271,0.833173,14.91,14.441,14.302
02595896+0050284,44.995685,0.841237,14.89,14.614,14.51
03000290+0051104,45.012087,0.85291,15.452,14.714,14.436
02595505+0050352,44.979403,0.843125,14.085,13.429,13.314
02595175+0051013,44.965631,0.850367,15.667,14.893,14.863
02595939+0052247,44.997466,0.873537,14.968,14.417,14.357
03004818+0046404,45.20077,0.7779,16.637,15.855,15.903
03003413+0046331,45.142229,0.775883,16.191,15.643,15.193
03003438+0046373,45.143263,0.777052,16.155,15.558,15.171
03005402+0047418,45.225114,0.794958,16.106,15.288,14.5
03005663+0047502,45.235993,0.797305,16.191,15.59,15.122
03005155+0048265,45.214821,0.807378,14.566,13.9,13.516
03005735+0048292,45.238988,0.808122,15.284,14.777,14.544
03005742+0049120,45.239255,0.820022,13.917,13.346,13.205
03005804+0049354,45.241865,0.826515,16.492,16.023,15.262
03005127+0048581,45.213633,0.816142,15.87,15.172,14.934
03005286+0049429,45.220254,0.828604,12.93,12.695,12.685
03005132+0049580,45.213852,0.832786,14.768,14.11,14.073
03004921+0050045,45.205056,0.834593,10.693,10.418,10.326
03003592+0048185,45.14968,0.805159,16.357,16.012,16.304
03002534+0048377,45.105592,0.810487,15.972,14.012,14.098
03002534+0048455,45.105589,0.812662,9.502,9.074,8.921
03003142+0049415,45.130919,0.828217,15.854,15.406,15.203
03003414+0050149,45.142274,0.83749,16.705,16.439,15.81
03003372+0050356,45.140525,0.843243,13.395,12.877,12.612
03002834+0050223,45.118085,0.839538,15.325,14.765,14.389
03004102+0050002,45.170949,0.833391,15.518,15.182,14.878
03004110+0052306,45.171251,0.875183,13.652,13.259,13.201
03004153+0052349,45.173048,0.876367,14.757,14.228,13.862
03010638+0049569,45.276618,0.832482,16.383,15.999,15.97
03010993+0050540,45.291402,0.848347,16.629,16.014,15.359
03005497+0051443,45.229048,0.862317,16.688,16.041,15.376
03005770+0051569,45.240441,0.865811,13.911,13.386,13.267
03011896+0052489,45.32904,0.880255,16.719,15.967,15.421
03012122+0053333,45.338432,0.8926,13.857,13.375,13.215
03011694+0054010,45.320614,0.900305,15.556,14.661,14.532
03011693+0054046,45.320583,0.90128,16.46,14.821,14.992
03010915+0054385,45.288126,0.910708,16.315,15.907,16.083
03011482+0054314,45.311779,0.908735,16.72,16.172,16.35
03011836+0054451,45.326502,0.912544,15.82,15.334,14.764
03011695+0054586,45.320641,0.916305,15.43,14.952,14.592
03011183+0054375,45.299294,0.910428,14.097,13.534,13.4
03011230+0055208,45.301285,0.922467,13.693,13.053,13.015
03005667+0053104,45.236156,0.886247,16.291,15.573,15.282
03005755+0054171,45.239805,0.90475,14.603,14.023,13.915
03005030+0054189,45.209603,0.905263,16.189,15.504,15.159
03005580+0054426,45.232525,0.911854,16.662,16.062,15.695
03010278+0055113,45.261611,0.919811,15.393,14.883,14.598
03010252+0055177,45.260506,0.921594,16.245,15.484,14.908
03010187+0055276,45.2578,0.92436,14.095,13.425,13.2
03011058+0056062,45.294086,0.935083,16.379,15.837,15.264
03010300+0057455,45.262514,0.962643,14.808,14.313,14.289
03002249+0049593,45.093709,0.833157,16.98,16.298,15.634
03002562+0051037,45.106774,0.85104,15.282,14.691,14.393
03001688+0051545,45.070346,0.865147,16.77,16.252,15.448
03002209+0053010,45.092042,0.883615,16.088,15.411,15.366
03002003+0052584,45.083485,0.882911,16.48,16.095,15.58
03003367+0052527,45.140331,0.881332,15.505,14.664,14.331
03003134+0053568,45.130624,0.899133,16.827,16.271,15.507
03002980+0055242,45.124202,0.923411,16.582,15.896,15.639
03001255+0053022,45.052318,0.883966,16.437,15.755,15.59
03001878+0053325,45.078275,0.892371,16.405,16.021,15.542
03000197+0053197,45.008224,0.888812,7.792,7.255,7.137
03000588+0054253,45.024516,0.907037,11.528,11.222,11.039
03002400+0054320,45.10001,0.908916,13.416,13.148,13.06
03002290+0054359,45.095429,0.90998,14.536,13.99,13.61
03002984+0056110,45.124367,0.936416,16.656,15.886,16.21
03002679+0056451,45.111636,0.945885,16.593,16.146,15.717
03001865+0055450,45.077737,0.929177,15.378,14.957,14.855
03003979+0054437,45.165792,0.912162,16.117,15.682,15.376
03004383+0055527,45.182627,0.93131,16.903,15.831,15.281
03004891+0056362,45.203819,0.943415,14.909,14.677,14.529
03003728+0055470,45.155372,0.929741,14.868,14.18,14.055
03003496+0055426,45.145699,0.928519,15.143,14.582,14.479
03004208+0058098,45.175359,0.969412,16.342,15.6,15.397
03004892+0056538,45.203871,0.948293,16.271,15.911,15.707
03005491+0057328,45.228815,0.959134,11.839,11.505,11.441
03005728+0057383,45.238703,0.960666,11.145,10.9,10.848
03005840+0058036,45.243344,0.967684,14.585,13.94,13.688
03005565+0058208,45.231888,0.972459,13.585,13.036,12.944
03003190+0056597,45.132941,0.949934,15.36,14.989,14.585
03003408+0056536,45.142016,0.948235,16.464,15.226,14.914
03002981+0057370,45.124215,0.960286,16.457,16.2,15.344
03004176+0058072,45.174006,0.968675,16.106,15.428,14.903
03002991+0058028,45.124639,0.967472,15.332,15.057,15.019
03003108+0058384,45.129513,0.977336,14.536,13.872,13.719
03003284+0059078,45.136852,0.985523,16.746,16.194,15.5
03004280+0058323,45.178372,0.975665,15.374,14.741,14.42
03004702+0059362,45.195948,0.993391,8.071,7.953,7.833
03004952+0059583,45.206358,0.999546,15.881,15.31,15.197
03004962+0100187,45.206785,1.005215,12.086,11.513,11.342
03004900+0100133,45.204202,1.003704,15.122,14.645,14.167
03004520+0100156,45.188373,1.004359,15.908,15.376,15.266
03003536+0100169,45.147374,1.004711,13.636,13.03,12.841
03003367+0100487,45.140323,1.013529,16.563,15.778,15.037
02591414+0045380,44.808935,0.760567,16.162,15.411,15.049
02592450+0046122,44.852109,0.770058,16.295,15.792,15.351
02591181+0046468,44.799237,0.779669,11.725,11.129,10.863
02591465+0046533,44.811059,0.781498,16.357,15.871,15.282
02591650+0047035,44.818771,0.784324,16.824,15.992,15.536
02591659+0048298,44.819128,0.808296,16.203,15.173,14.496
02592890+0048036,44.870454,0.801008,15.909,15.3,15.111
02592713+0048287,44.863059,0.807985,15.232,14.842,14.831
02593595+0049274,44.899823,0.824302,14.441,13.973,13.937
02593171+0049170,44.882154,0.821404,16.578,16.165,15.235
02592218+0048373,44.842446,0.810372,14.147,13.451,13.236
02592804+0050094,44.866858,0.835958,14.595,13.945,13.735
02593052+0050527,44.8772,0.847988,15.636,14.925,14.42
02590801+0048046,44.783376,0.801304,15.558,15.074,15.007
02591697+0049043,44.820747,0.817882,15.888,15.347,15.322
02591111+0049027,44.796327,0.817422,17.035,16.081,15.53
02590431+0049303,44.767961,0.825093,15.802,15.35,15.045
02590644+0049288,44.776853,0.824686,16.512,15.954,14.471
02590650+0050112,44.777097,0.836458,17,16.019,15.376
02591744+0050412,44.822685,0.844799,15.8,14.989,14.52
02591768+0051210,44.823669,0.855835,15.361,14.81,14.772
02592008+0051183,44.833669,0.855102,13.425,12.904,12.773
02594472+0050598,44.936334,0.84995,15.812,15.025,14.931
02593507+0051084,44.89615,0.852345,16.496,16.058,15.797
02593589+0051395,44.899559,0.860977,15.288,14.549,14.359
02593191+0051147,44.882973,0.85409,14.171,13.998,13.527
02593202+0051179,44.88342,0.854979,14.45,15.047,13.681
02592941+0051337,44.872572,0.859377,13.198,12.791,12.723
02594024+0051500,44.917685,0.863891,15.906,15.032,14.883
02594014+0052414,44.917274,0.878191,14.45,13.931,13.91
02594154+0053155,44.923084,0.887656,16.263,15.502,14.948
02594469+0054207,44.936245,0.90577,14.524,13.853,13.646
02594557+0054196,44.939901,0.905468,14.858,14.228,14.149
02594752+0054344,44.948026,0.909567,14.645,14.163,13.997
02592540+0052365,44.85584,0.87683,16.754,16.135,15.875
02592076+0053400,44.836532,0.894452,16.907,16.121,15.808
02592123+0054133,44.838474,0.903719,16.183,14.822,13.856
02593119+0054364,44.879988,0.910115,15.965,15.298,15.094
02593153+0055033,44.881394,0.91761,15.953,15.297,15.013
02594011+0055279,44.917162,0.924435,15.52,15.111,15.178
02593927+0055320,44.913658,0.925582,16.466,15.675,15.375
02594782+0056166,44.949285,0.937958,14.984,14.323,14.027
02594153+0056218,44.923048,0.939398,16.973,15.829,15.87
02593292+0055043,44.887186,0.917885,16.444,15.564,15.405
02593233+0055112,44.884744,0.919799,11.855,11.562,11.538
02593748+0056363,44.906204,0.943425,16.931,16.489,15.682
02593802+0057053,44.908439,0.951484,15.735,15.09,15.358
02590080+0050523,44.753368,0.847868,14.655,14.158,13.977
02590141+0052106,44.755888,0.869623,13.411,13.089,12.951
02585420+0052527,44.725851,0.881327,15.566,15.063,14.823
02590724+0051348,44.780206,0.859671,17.136,16.07,16.027
02590704+0053446,44.779364,0.895736,15.244,14.818,14.425
02590151+0053459,44.75633,0.896084,15.445,14.531,14.086
02590110+0053496,44.754602,0.897126,16.208,15.534,15.135
02590449+0055058,44.768732,0.918288,16.669,15.806,15.458
02585193+0053210,44.71639,0.889187,14.514,13.88,13.721
02585074+0054033,44.711441,0.900936,16.705,16.171,15.144
02584325+0055190,44.680218,0.921948,16.636,16.234,15.805
02585788+0055510,44.741205,0.930836,15.968,15.229,15.084
02585796+0055564,44.741519,0.932336,15.116,14.549,14.174
02585012+0055496,44.708862,0.930469,15.942,15.299,15.03
02584779+0056032,44.699135,0.934237,12.447,11.943,11.916
02585426+0057347,44.726103,0.959646,16.023,15.426,15.008
02591634+0054391,44.818091,0.910868,14.903,14.157,13.947
02591685+0054530,44.820244,0.91474,12.415,11.788,11.706
02591170+0055328,44.798761,0.925794,15.889,15.404,15.151
02591772+0056488,44.823865,0.946904,15.389,14.715,14.627
02592059+0057091,44.835816,0.952546,12.536,11.899,11.663
02593116+0056554,44.879857,0.948738,16.522,15.633,15.569
02592618+0056401,44.859085,0.944488,16.033,15.358,15.224
02592851+0057182,44.868817,0.955077,9.535,8.938,8.788
02592635+0059121,44.859796,0.986722,16.52,15.716,16.404
02591157+0058406,44.798223,0.977952,15.667,14.877,14.484
02590242+0058049,44.760095,0.968037,16.278,15.541,15.361
02590502+0059480,44.770946,0.996676,13.78,13.273,13.114
02591348+0059113,44.806184,0.986475,15.962,15.32,15.122
02592150+0059472,44.839615,0.99646,16.22,15.753,15.529
02591218+0100146,44.80078,1.004081,14.93,14.255,14.139
02591734+0100231,44.822285,1.00644,14.599,13.876,13.696
02591476+0100451,44.81152,1.012532,15.444,14.777,14.365
02591252+0100456,44.802202,1.012692,16.483,15.863,15.406
02595687+0055318,44.986988,0.92551,16.382,15.898,15.493
02595106+0055392,44.962763,0.92758,14.947,14.24,14.014
02595200+0055594,44.966671,0.933189,14.825,14.281,14.132
02595643+0057135,44.985136,0.95376,14.25,13.762,13.673
02595707+0057125,44.987808,0.95348,16.54,15.923,15.435
02595961+0057395,44.9984,0.960993,17.249,16.107,15.778
03001025+0056543,45.042749,0.948439,15.518,14.8,14.197
03001403+0057027,45.05847,0.95077,15.51,14.721,14.696
03000832+0057408,45.034676,0.961337,16.312,16.144,14.961
03001013+0058004,45.042243,0.966789,15.687,15.015,14.667
03001744+0058133,45.072691,0.970375,5.853,5.321,5.17
03000711+0058193,45.029635,0.972035,15.862,15.449,15.393
03000257+0059515,45.010714,0.997651,15.365,15.024,15.045
03000151+0100046,45.006319,1.0013,13.851,13.263,12.954
02595948+0100121,44.997842,1.003379,15.993,15.621,15.099
03000534+0059240,45.022252,0.99,10.161,9.849,9.77
03000335+0100395,45.013976,1.010985,16.775,15.695,15.269
02595190+0100053,44.966272,1.001492,16.658,16.397,15.582
03000020+0101089,45.000867,1.019166,16.491,16.013,15.836
03000352+0101330,45.014696,1.025857,13.912,13.561,13.447
02595507+0101319,44.979474,1.025553,16.411,16.244,15.121
02595563+0101425,44.981819,1.028481,16.492,15.758,15.492
03001942+0058559,45.080948,0.982219,14.672,14.157,14.019
03002398+0100458,45.099917,1.012727,14.153,14.037,13.831
03001503+0059592,45.062661,0.999788,16.104,15.357,14.584
03001313+0059545,45.054719,0.998497,15.849,15.086,14.715
03001986+0100487,45.082778,1.01353,15.344,14.748,14.345
03002197+0101144,45.091556,1.020668,16.571,15.781,15.799
03003133+0102098,45.130568,1.036078,15.04,14.264,13.925
03003167+0102142,45.131962,1.037278,15.684,14.962,14.817
03003075+0102228,45.128161,1.039678,16.691,15.965,15.523
03004000+0102445,45.166699,1.045721,14.472,14.128,14.052
03003675+0102388,45.153155,1.044115,14.348,13.859,13.717
03003756+0103109,45.156504,1.053044,16.921,16.257,15.465
03002846+0102476,45.118586,1.046582,10.667,10.238,10.119
03002287+0102574,45.095332,1.049302,16.493,15.745,15.113
03001769+0102074,45.073732,1.035406,15.831,15.245,14.979
03001250+0102579,45.052115,1.049438,10.909,10.382,10.288
03000342+0102313,45.014262,1.042052,14.377,13.997,13.884
03000348+0102422,45.014534,1.045063,15.6,14.893,14.885
03000332+0102502,45.013848,1.04729,11.983,11.622,11.536
03000214+0102535,45.008928,1.048215,16.648,15.933,15.094
03001152+0103281,45.048007,1.057821,14.41,13.826,13.715
03001212+0104152,45.050535,1.070894,15.807,15.086,15.227
03001621+0103497,45.067556,1.06383,13.589,13.235,13.211
02593874+0058165,44.911435,0.971259,16.193,15.997,15.094
02593960+0059337,44.91502,0.992718,14.985,14.359,14.248
02594320+0100171,44.93003,1.004752,15.381,14.792,14.479
02593944+0102038,44.914342,1.034404,16.704,15.692,15.304
02593979+0102047,44.915803,1.034641,16.94,16.355,15.783
02594713+0101047,44.946394,1.017994,17.167,16.135,15.807
02595534+0102018,44.980584,1.033848,15.292,14.615,14.415
02595448+0102439,44.97702,1.04553,14.476,13.904,13.691
02595512+0103331,44.979668,1.059198,13.271,12.64,12.445
02594620+0102535,44.942521,1.048215,12.24,11.977,11.931
02595073+0103045,44.9614,1.051252,16.231,15.33,14.689
02593713+0102561,44.904718,1.048944,16.703,15.534,14.936
02594151+0104205,44.922971,1.072378,14.253,13.949,13.856
02594390+0104542,44.932951,1.081724,12.431,12.133,12.03
02594193+0105084,44.92471,1.085681,15.965,15.349,14.659
02593174+0105369,44.882266,1.093599,15.827,15.548,15.56
03000292+0103374,45.012167,1.060393,17.068,15.782,15.695
03000198+0103407,45.008255,1.061328,14.646,14.486,14.479
03000522+0103576,45.021768,1.066006,16.099,15.62,15.159
03000284+0105039,45.011852,1.084443,16.714,16.057,17.01
03000236+0105071,45.00986,1.085309,16.119,15.291,15.343
02595603+0105577,44.983472,1.099379,16.156,15.585,15.506
03000792+0105337,45.033017,1.09272,15.57,14.853,14.478
03001659+0107241,45.069142,1.123369,15.501,14.957,14.813
03000618+0106367,45.025787,1.110198,10.659,10.412,10.31
03000805+0106480,45.03356,1.113361,16.305,15.888,15.586
03000069+0107079,45.002908,1.118877,16.339,15.722,15.051
03000406+0107401,45.016938,1.127827,15.809,15.255,15.118
03001035+0109124,45.043143,1.153464,16.984,16.265,15.941
02595229+0107065,44.967877,1.118473,16.754,15.866,15.214
02594313+0106447,44.929745,1.112432,13.833,13.223,13.03
02594459+0107042,44.935797,1.117856,16.652,15.857,15.74
02594902+0107282,44.954266,1.12452,15.338,14.593,14.466
02594868+0108118,44.952835,1.136634,15.618,15.067,14.944
02594926+0108213,44.95526,1.139259,15.315,14.741,14.67
02595136+0108439,44.964011,1.14555,14.271,13.834,13.678
02594914+0109097,44.954788,1.15272,13.836,13.203,12.955
02595832+0108427,44.993016,1.145219,13.665,13.224,13.239
03000532+0109320,45.022205,1.158908,16.022,15.42,15.044
02595967+0109263,44.998645,1.157329,13.317,12.975,12.928
02595207+0109329,44.966981,1.159139,14.384,13.653,13.497
02595368+0109368,44.973701,1.16023,16.642,14.98,14.955
03000362+0110158,45.015115,1.171076,15.854,15.492,15.503
03000172+0110447,45.007204,1.179108,15.405,14.787,14.608
03000014+0111108,45.000612,1.186335,16.35,15.694,15.149
03024860+0035543,45.702524,0.598425,16.668,16.299,15.445
03025411+0037122,45.725463,0.62007,15.613,15.088,14.937
03025365+0037085,45.72358,0.619045,12.995,12.65,12.552
03024298+0038517,45.679108,0.647701,16.81,16.068,15.797
03025835+0039495,45.743137,0.663773,16.262,15.465,15.108
03030543+0039407,45.772649,0.661315,16.797,16.047,15.364
03030344+0039583,45.764349,0.66621,15.082,14.782,14.819
03025386+0040015,45.724442,0.667098,10.148,9.557,9.429
03025673+0040418,45.736392,0.6783,16.61,16.505,15.66
03030365+0041163,45.765212,0.687882,16.021,15.508,15.332
03030068+0041162,45.752864,0.687854,16.965,16.329,15.978
03025893+0041262,45.745542,0.690637,16.157,15.704,15.706
03030104+0042000,45.75437,0.700012,15.689,15.201,14.941
03023959+0038447,45.664972,0.645759,16.676,16.017,15.438
03024076+0039394,45.669839,0.660967,16.352,15.758,15.382
03024934+0041261,45.705589,0.690594,11.145,10.508,10.385
03025157+0041343,45.714901,0.692882,17.377,16.907,15.88
03023916+0042372,45.663167,0.710359,16.685,16.093,15.808
03024013+0042433,45.667242,0.712053,10.323,9.948,9.955
03024841+0043483,45.701734,0.730089,16.744,16.141,15.893
03031162+0040413,45.798458,0.678166,14.472,14.147,14.092
03030903+0041169,45.787632,0.688035,17.008,16.042,16.007
03031141+0042006,45.797558,0.700188,15.321,14.866,14.866
03030608+0043044,45.775351,0.717907,16.429,15.692,15.241
03030797+0043025,45.78324,0.717363,15.243,14.626,14.474
03031009+0043246,45.792082,0.723518,16.751,16.601,15.82
03030722+0043534,45.780117,0.731502,10.614,10.314,10.195
03030937+0043518,45.789043,0.731063,14.585,14.319,14.303
03031992+0044025,45.83302,0.734036,12.273,11.734,11.558
03031820+0044179,45.825853,0.738316,15.744,15.256,15.267
03032535+0045261,45.855649,0.757267,16.556,15.975,15.277
03031448+0045251,45.810338,0.75698,14.571,14.113,13.898
03032027+0045024,45.834497,0.750681,17.341,16.475,16.022
03025508+0043440,45.729538,0.728889,16.03,15.281,14.702
03030496+0043538,45.770675,0.731613,16.774,16.393,16.067
03030410+0044267,45.767091,0.740771,15.716,15.183,15.034
03030165+0045010,45.756882,0.750301,16.955,16.506,15.785
03030478+0045348,45.769946,0.759687,12.579,12.181,12.099
03025260+0044085,45.719176,0.735715,15.376,14.701,14.444
03031004+0044588,45.791845,0.749669,14.429,14.157,14.089
03030210+0046417,45.758773,0.778273,16.477,15.892,16.184
03030129+0046407,45.755387,0.777984,15.197,14.622,14.393
03031017+0047566,45.792388,0.799082,16.632,16.028,16.107
03023107+0041086,45.629464,0.685749,14.126,13.386,13.232
03022753+0042088,45.614742,0.702458,16.074,15.332,15.031
03022771+0042175,45.615464,0.704864,15.927,15.478,15.168
03023569+0043029,45.64872,0.717497,15.71,14.914,14.495
03022268+0042045,45.594511,0.701273,16.621,16.045,15.152
03023140+0043323,45.630858,0.725643,11.66,11.105,10.936
03022722+0044194,45.613437,0.738747,16.759,16.046,15.525
03023597+0044527,45.6499,0.747992,15.922,15.496,15.325
03023470+0044580,45.644609,0.749472,16.386,15.762,15.587
03023876+0044557,45.661526,0.748831,16.609,15.763,15.71
03023816+0045143,45.659026,0.753973,16.428,15.854,15.706
03023796+0045199,45.658178,0.755539,14.224,13.722,13.662
03023564+0045336,45.64852,0.759353,16.011,15.565,15.225
03023593+0045322,45.649709,0.75897,14.251,14.008,13.895
03022248+0045125,45.593705,0.753493,14.926,14.286,14.095
03022065+0045139,45.586043,0.753876,16.472,15.804,15.471
03021254+0044483,45.552259,0.746754,16.263,15.555,15.414
03021791+0045254,45.574654,0.757058,13.639,13.277,13.243
03022020+0046131,45.584206,0.770312,16.268,15.745,15.1
03022800+0045544,45.616694,0.765117,17.072,16.434,15.788
03022424+0045393,45.601019,0.760935,16.814,15.972,16.973
03022660+0045520,45.610844,0.764469,15.723,15.063,14.581
03023282+0046222,45.636756,0.77286,16.527,15.76,15.648
03022041+0046197,45.585073,0.772159,17.112,16.399,15.764
03022846+0047540,45.618604,0.798336,16.772,16.021,15.94
03022355+0048210,45.59813,0.805846,16.969,16.183,15.377
03024813+0044561,45.700557,0.748928,12.718,12.309,12.223
03025058+0045315,45.710785,0.758766,15.794,15.473,15.429
03024538+0046096,45.689112,0.769339,15.182,14.619,14.392
03024873+0046477,45.70308,0.77993,17.322,16.769,15.831
03025010+0046441,45.708788,0.778939,16.335,15.608,15.585
03025259+0047324,45.719136,0.792349,15.296,14.727,14.438
03024427+0046292,45.684476,0.774792,14.623,13.989,13.73
03024226+0046191,45.676109,0.771987,17.034,16.497,16.261
03024765+0047479,45.69858,0.796664,13.777,13.356,13.252
03024896+0048490,45.704027,0.813636,13.707,13.094,12.884
03025870+0049021,45.744612,0.817268,15.218,14.917,14.671
03030447+0048094,45.768653,0.802629,14.644,13.985,13.81
03030696+0049014,45.779026,0.817057,16.527,15.984,15.424
03030830+0049104,45.784624,0.819582,15.191,14.448,14.233
03025453+0050016,45.727226,0.833798,16.576,15.975,15.486
03025974+0050165,45.748926,0.83792,16.237,15.709,15.79
03025789+0051027,45.741233,0.850751,16.812,16.405,15.609
03023748+0047406,45.656181,0.794614,16.438,15.84,15.279
03023668+0048167,45.652867,0.804664,14.58,13.993,13.853
03023625+0049326,45.651053,0.825739,16.547,16.132,15.854
03024100+0049544,45.670862,0.831795,16.399,15.847,15.726
03023521+0049563,45.646709,0.832316,16.71,15.91,15.402
03023760+0050552,45.656697,0.848682,8.919,8.688,8.588
03025368+0050214,45.723673,0.839301,17.016,16.116,15.39
03025353+0051041,45.723057,0.85116,14.535,13.764,13.61
03025438+0052105,45.726599,0.869598,16.503,15.96,15.415
03024002+0051109,45.666787,0.853034,15.787,15.18,14.895
03024254+0051429,45.677266,0.861926,17.329,16.064,15.583
03024666+0052076,45.694442,0.868789,16.573,15.958,15.355
03025082+0052553,45.711765,0.882047,16.815,16.185,15.734
03033052+0045162,45.877171,0.754503,16.66,16.546,15.313
03033224+0045592,45.884364,0.766469,13.449,13.125,12.993
03032919+0047088,45.871644,0.785791,16.904,16.373,16.831
03032466+0046594,45.852782,0.783181,13.901,13.343,13.248
03032373+0047295,45.848903,0.791548,16.521,16.436,15.749
03032961+0048092,45.873381,0.802561,14.754,14.121,13.85
03033638+0048425,45.901604,0.811819,17.263,16.322,15.334
03033950+0048526,45.914594,0.81462,16.796,16.003,15.686
03034011+0048593,45.91713,0.816473,16.921,16.159,14.992
03033347+0049069,45.889483,0.818586,14.359,13.747,13.589
03033366+0049105,45.890286,0.819586,14.342,13.733,13.536
03033684+0049352,45.903531,0.826463,15.515,14.898,14.689
03033796+0050432,45.90819,0.845342,14.887,14.304,13.98
03032508+0048323,45.854512,0.808978,14.844,14.488,14.41
03032630+0049053,45.859612,0.818148,17.062,16.514,15.856
03032454+0049011,45.852253,0.816978,16.637,16.3,15.972
03032489+0050248,45.853731,0.840228,10.362,9.881,9.803
03033512+0050350,45.896339,0.843056,17.125,16.151,17.034
03032556+0050264,45.856537,0.840678,13.532,13.085,13.073
03032582+0050455,45.857606,0.845995,16.744,15.712,15.548
03032718+0051246,45.863282,0.856848,17.177,16.647,16.388
03033214+0053178,45.883942,0.888302,16.999,16.052,15.257
03035104+0049592,45.962704,0.833124,12.487,11.978,11.949
03035646+0050200,45.985255,0.83889,16.864,15,14.579
03035551+0050561,45.981316,0.848942,16.446,16.138,16.039
03034882+0051311,45.953426,0.858648,15.124,14.722,14.787
03034484+0051150,45.936858,0.854175,16.887,16.326,15.422
03034720+0052194,45.94669,0.87207,15.511,14.981,15.066
03035514+0053033,45.979759,0.884257,17.415,16.392,15.585
03040143+0052029,46.005995,0.867499,17.357,16.677,15.342
03040298+0052106,46.012429,0.869619,14.284,13.785,13.724
03040082+0052301,46.003433,0.87504,15.582,15.094,15.206
03040324+0053194,46.013506,0.888746,15.807,15.233,14.895
03040755+0054049,46.031476,0.901386,16.715,15.859,15.308
03035691+0053334,45.987142,0.892623,13.823,13.5,13.395
03035386+0053323,45.97443,0.892329,16.617,15.758,15.542
03035770+0053501,45.990439,0.897273,14.904,14.335,14.063
03035722+0053570,45.988447,0.899181,16.936,16,15.273
03040477+0054587,46.019902,0.916319,13.964,13.522,13.47
03040000+0054490,46.000022,0.913621,16.55,15.745,15.621
03033871+0052307,45.911326,0.875208,16.615,15.988,15.683
03033538+0054238,45.897446,0.906612,16.859,16.141,15.72
03034635+0055132,45.943138,0.920342,12.953,12.274,12.121
03034715+0055491,45.946468,0.93032,14.518,14.159,14.048
03034299+0055485,45.929136,0.93016,14.283,13.992,13.92
03035252+0056472,45.968869,0.946457,14.84,14.11,13.908
03035518+0056501,45.979951,0.94725,17.374,16.657,15.898
03035254+0057103,45.968926,0.952874,16.78,16.004,15.79
03035093+0057500,45.962244,0.963902,11.457,11.097,11.032
03030911+0049424,45.787962,0.828455,11.44,11.166,11.09
03030625+0050109,45.776078,0.836368,15.946,15.492,15.079
03031266+0050574,45.802766,0.84928,16.66,16.059,15.587
03030336+0051107,45.764002,0.852996,14.335,13.861,13.54
03031024+0052208,45.792673,0.872457,14.687,14.305,14.291
03031368+0052186,45.807016,0.871858,14.005,13.554,13.499
03031298+0052294,45.804096,0.874835,15.898,15.096,14.944
03031114+0053078,45.796456,0.885505,17.087,16.387,16.047
03031837+0052409,45.826576,0.878055,17.088,16.002,15.452
03032523+0053115,45.855136,0.886546,16.871,16.108,15.329
03032792+0053308,45.86634,0.891893,16.896,16.136,15.998
03033029+0053374,45.876218,0.893731,15.811,15.231,14.966
03032697+0053450,45.862386,0.895845,16.413,15.674,14.999
03032711+0053560,45.862966,0.898906,16.858,15.837,15.301
03032469+0054020,45.8529,0.900564,14.144,13.534,13.319
03031305+0054200,45.804409,0.90556,11.142,10.342,9.982
03031927+0054304,45.83032,0.908467,15.941,15.197,15.1
03031798+0054383,45.824953,0.910664,15.267,14.593,13.924
03030173+0054119,45.757216,0.903318,16.54,16.311,15.883
03025487+0053199,45.72866,0.888881,14.443,13.865,13.799
03025161+0054170,45.715054,0.904745,16.684,16.372,15.696
03025479+0054322,45.728305,0.908972,14.69,14.001,13.955
03025930+0055220,45.747112,0.922779,15.715,15.161,14.868
03030167+0055261,45.756982,0.923943,17.04,16.77,15.477
03025922+0055408,45.746784,0.928012,15.569,14.932,14.733
03031127+0054023,45.796967,0.900666,12.763,12.254,12.004
03031176+0054584,45.79902,0.916233,14.597,14.216,14.122
03030768+0054306,45.782021,0.908521,16.552,15.833,15.581
03030835+0054438,45.78481,0.912191,14.46,13.702,13.344
03030941+0055223,45.789216,0.922874,17.009,16.184,15.933
03031500+0056464,45.812534,0.946249,14.875,14.355,14.267
03030245+0056333,45.760221,0.942593,15.879,15.112,14.901
03030487+0056541,45.770302,0.948376,14.829,14.253,14.059
03030910+0056268,45.787943,0.940799,16.62,15.962,15.231
03032966+0054264,45.873597,0.907342,15.927,15.332,15.262
03033101+0054430,45.87923,0.911959,16.135,15.426,15.181
03034073+0055498,45.919718,0.930526,12.552,12.151,12.119
03033373+0055568,45.890543,0.932467,16.023,15.548,15.541
03032362+0055323,45.848438,0.925661,16.705,16.379,15.627
03033160+0056539,45.881693,0.948318,17.042,16.705,15.403
03033619+0057207,45.900805,0.955777,15.372,14.841,14.668
03033735+0057447,45.905646,0.962422,17.313,15.973,15.373
03033257+0058322,45.885743,0.975624,16.012,15.5,15.704
03031679+0056433,45.819966,0.945383,13.985,13.249,13.121
03031794+0057001,45.824772,0.95003,16.843,16.165,16.151
03031848+0057435,45.827002,0.962089,16.492,15.64,15.04
03032902+0058240,45.870927,0.973344,16.059,15.633,16.018
03032434+0057560,45.851433,0.965575,18.939,15.977,17.229
03032219+0058144,45.842499,0.970678,17.155,16.468,15.375
03031257+0057401,45.802389,0.961144,16.03,15.649,15.397
03033302+0058412,45.887584,0.978116,15.764,15.211,14.91
03032924+0058400,45.871835,0.97778,16.709,16.163,16.04
03033526+0059475,45.896939,0.996529,12.322,11.932,11.831
03033371+0101127,45.89046,1.020203,15.116,14.868,14.781
03033588+0101306,45.899519,1.025193,15.234,14.806,14.766
03033429+0101284,45.892913,1.02457,17.061,16.464,15.995
03020602+0044547,45.525105,0.748533,16.671,16.563,15.909
03020829+0045298,45.534557,0.758292,17.146,16.365,15.829
03020953+0045325,45.53973,0.759034,15.751,15.119,15.067
03020980+0046140,45.540837,0.770567,14.385,13.75,13.538
03020292+0046004,45.512169,0.766799,14.414,13.672,13.565
03021104+0046527,45.546037,0.781309,15.811,15.119,14.518
03021369+0047393,45.557053,0.794268,15.38,15.019,14.949
03021133+0047277,45.547222,0.791034,16.83,16.195,15.903
03020127+0046364,45.505332,0.776779,14.442,13.863,13.626
03020376+0047196,45.515696,0.788793,16.852,15.873,15.918
03015963+0046489,45.498493,0.780267,14.603,14.161,14.06
03021147+0048366,45.547793,0.810182,15.3,14.643,14.387
03021207+0049271,45.550309,0.824215,14.594,13.947,13.69
03021440+0050101,45.56002,0.836166,16.242,15.783,15.045
03021929+0050525,45.580412,0.847936,17.057,16.119,15.997
03015573+0049079,45.482217,0.818863,15.896,15.089,14.986
03020443+0049597,45.518467,0.833257,17.163,16.621,15.82
03021199+0051043,45.549971,0.851196,16.31,15.638,15.318
03021332+0051483,45.555537,0.863421,16.141,15.679,15.42
03020101+0050374,45.504213,0.84374,16.883,16.537,15.347
03020098+0051344,45.504095,0.859582,14.786,14.176,13.908
03020354+0051595,45.51479,0.866554,16.085,15.405,14.891
03020466+0052509,45.51945,0.880821,14.559,14.312,14.116
03020703+0053010,45.529317,0.88363,17.136,17.156,17.247
03022840+0050093,45.618371,0.835942,14.44,13.695,13.577
03022825+0051101,45.617712,0.852819,16.342,15.699,15.359
03023433+0051572,45.643064,0.865905,11.944,11.685,11.609
03022049+0050562,45.585377,0.848962,15.648,15.008,14.814
03022142+0052079,45.589256,0.868881,16.658,15.985,15.897
03024195+0052373,45.67481,0.877031,15.308,14.525,14.261
03023600+0052289,45.650031,0.874711,16.026,15.388,15.074
03023482+0052424,45.645089,0.878453,15.945,15.201,15.113
03023643+0053021,45.65182,0.883925,15.866,15.222,15.014
03024489+0053054,45.687072,0.884856,11.908,11.347,11.191
03024557+0053225,45.689881,0.889586,16.242,15.817,15.346
03024407+0053523,45.683661,0.897878,16.308,15.693,15.637
03023673+0054203,45.65307,0.905639,14.665,14.022,13.966
03021585+0051487,45.566072,0.863541,14.766,14.282,14.136
03021671+0053044,45.569665,0.884561,16.274,15.486,15.206
03022404+0053112,45.600176,0.886463,17.168,16.516,16.165
03021052+0053220,45.543849,0.889448,16.055,15.635,15.172
03021366+0055076,45.556945,0.918804,16.912,16.849,16.792
03022787+0055257,45.616147,0.923814,16.763,15.97,15.262
03022572+0056538,45.607198,0.948294,16.36,15.558,15.013
03014794+0049472,45.449776,0.829794,11.992,11.764,11.716
03014498+0050161,45.43742,0.837814,14.746,14.011,13.905
03014376+0051022,45.432353,0.850616,15.202,14.738,14.691
03015421+0051488,45.475894,0.863562,14.92,14.288,13.772
03013710+0051331,45.404591,0.859202,14.783,14.506,14.306
03014948+0052372,45.456205,0.877025,15.459,15.08,14.944
03015676+0052049,45.486523,0.868048,14.725,14.126,13.906
03015575+0052546,45.482323,0.881839,16.274,15.734,15.32
03020183+0053386,45.507645,0.894071,17.193,16.258,16.109
03014952+0053561,45.456337,0.898939,16.541,16.018,15.305
03015689+0054362,45.487083,0.910067,12.007,11.73,11.682
03013660+0052124,45.402538,0.87013,15.074,14.72,14.575
03013559+0052269,45.398298,0.874151,16.637,16.501,17.011
03013512+0053050,45.396343,0.884737,15.268,14.805,14.448
03013501+0053447,45.395913,0.895767,14.975,14.488,14.422
03013374+0054064,45.390594,0.901797,14.775,14.087,13.859
03014941+0054532,45.455879,0.914784,13.538,13.248,13.175
03014158+0055575,45.423264,0.932642,14.196,13.935,13.798
03014119+0056480,45.421631,0.946689,16.565,15.993,15.302
03014056+0056457,45.419025,0.946041,16.369,15.929,15.822
03020706+0053576,45.529422,0.899361,15,14.349,14.142
03020989+0054479,45.541216,0.913323,14.856,14.335,14.158
03020845+0055055,45.535246,0.918214,17.053,16.414,15.848
03021153+0056359,45.548051,0.943312,16.764,16.274,15.632
03020155+0055332,45.506473,0.925904,16.91,16.405,15.915
03020334+0055531,45.513957,0.931429,16.011,15.295,15.29
03015907+0055297,45.496129,0.924919,15.692,15.087,14.721
03015964+0055424,45.498503,0.928448,16.912,16.348,15.44
03020207+0056153,45.508628,0.937593,17.06,16.158,15.838
03020150+0056479,45.506283,0.946651,14.24,13.923,13.834
03020975+0057147,45.540635,0.954084,16.821,16.402,15.984
03021550+0056389,45.564591,0.944146,15.325,14.706,14.565
03021318+0057091,45.554934,0.952551,16.026,15.341,15.112
03022356+0058454,45.598196,0.979304,14.686,13.922,13.452
03021168+0057083,45.548695,0.95232,16.48,15.914,15.494
03021203+0058267,45.550132,0.974093,17.063,15.915,15.135
03021045+0058553,45.543551,0.982028,15.239,14.546,14.473
03015588+0058006,45.482859,0.966852,13.857,13.388,13.328
03020235+0057560,45.509809,0.965579,14.867,14.215,13.969
03015906+0058285,45.496121,0.974596,16.075,15.294,14.713
03020075+0058405,45.503158,0.977943,13.595,12.919,12.723
03020048+0058504,45.50203,0.980667,18.475,15.648,15.458
03015250+0058116,45.468755,0.969911,14.502,13.847,13.669
03015390+0058449,45.474588,0.979151,16.66,17.424,15.93
03020825+0100280,45.534412,1.007783,15.586,14.907,14.782
03021216+0101067,45.550702,1.018537,16.406,15.778,15.598
03020101+0059468,45.504231,0.996354,12.836,12.457,12.365
03020119+0100471,45.504988,1.013101,17.047,15.973,15.175
03020256+0100572,45.510683,1.015912,16.982,16.127,15.481
03020566+0101597,45.523619,1.033255,15.5,14.881,14.758
03025032+0055427,45.709674,0.928554,16.142,15.378,14.772
03024316+0055055,45.679853,0.918214,17.194,16.694,15.474
03024693+0055524,45.695573,0.931244,16.432,15.409,14.829
03025253+0057080,45.718881,0.95224,16.375,15.992,15.476
03024597+0057042,45.691568,0.951172,15.456,14.869,14.787
03030068+0056524,45.752867,0.947907,16.612,16.023,15.932
03025956+0058275,45.748207,0.97432,16.249,16.084,15.935
03023839+0056490,45.659965,0.946953,16.603,16.187,15.955
03024044+0057172,45.668505,0.954789,15.988,15.496,15.121
03024636+0057550,45.693196,0.965291,17.072,16.718,15.641
03024554+0058070,45.689754,0.968625,17.179,16.626,15.835
03024451+0058391,45.685481,0.977531,16.053,15.324,15.136
03022946+0058060,45.622779,0.968353,15.086,14.477,14.357
03024069+0059360,45.669575,0.99335,16.968,16.523,15.918
03024726+0059084,45.696943,0.985694,16.806,16.075,15.962
03024603+0059197,45.691793,0.988816,15.297,14.678,14.575
03024900+0059583,45.704189,0.999535,16.469,15.922,15.804
03025327+0100362,45.721985,1.010064,15.544,14.994,14.749
03025221+0100497,45.717573,1.013812,16.019,15.432,14.827
03024603+0101026,45.691799,1.017402,14.089,13.416,13.271
03030924+0100091,45.788536,1.002538,16.124,15.531,15.572
03031619+0100014,45.817473,1.000408,17.315,16.166,15.667
03031305+0100426,45.804402,1.011841,15.781,15.077,14.822
03030607+0100092,45.775307,1.002579,16.335,15.641,15.266
03031276+0101220,45.803182,1.022797,14.979,14.37,14.189
03031078+0101253,45.794948,1.023719,15.755,15.206,14.861
03030744+0101043,45.781013,1.017888,14.614,14.199,14.036
03031877+0102177,45.828235,1.038261,14.594,13.993,13.873
03032041+0102275,45.835044,1.040997,17.101,16.621,15.724
03032040+0102400,45.835028,1.044453,16.805,16.042,15.554
03032624+0102455,45.85937,1.045995,15.156,14.751,14.525
03032378+0102362,45.849093,1.043406,16.997,16.278,15.961
03031573+0102039,45.815545,1.034441,16.964,16.152,15.705
03031518+0102595,45.813258,1.049875,7.705,7.043,6.907
03031593+0103267,45.81638,1.057444,16.216,15.754,15.296
03025624+0101420,45.734367,1.028342,16.908,16.127,16.183
03025629+0101588,45.734581,1.033019,15.11,14.842,14.998
03030312+0103179,45.763017,1.054993,16.22,15.768,15.572
03025760+0102462,45.740009,1.046179,15.906,15.282,15.226
03030098+0103316,45.754116,1.058793,14.867,14.24,13.97
03025908+0103479,45.746206,1.063315,14.956,14.388,14.024
03031007+0103053,45.791999,1.051499,14.641,13.984,13.729
03031788+0104510,45.82452,1.080844,15.035,14.398,14.183
03031058+0104522,45.794104,1.081169,14.936,14.202,14.022
03030182+0104526,45.757602,1.081304,15.868,15.416,15.416
03030154+0104548,45.756452,1.081907,15.687,15.309,14.986
03030896+0105234,45.787356,1.089841,16.901,16.209,16.067
03030893+0106493,45.787225,1.113713,15.415,14.85,14.557
03023493+0100091,45.645556,1.002538,16.422,15.904,15.68
03022255+0100082,45.593997,1.002304,12.638,11.995,11.753
03022067+0100128,45.586129,1.003565,16.828,16.167,15.183
03022195+0100276,45.591474,1.007682,14.864,14.228,13.982
03022114+0100568,45.588109,1.015795,13.825,13.178,13.055
03022960+0101242,45.623365,1.023389,15.541,14.863,14.691
03022344+0101436,45.597707,1.028785,16.417,15.656,15.369
03022721+0102005,45.613414,1.033483,13.114,12.703,12.587
03024043+0101062,45.668494,1.018414,16.404,15.946,15.29
03023473+0101496,45.644717,1.030455,16.416,15.479,15.336
03024759+0102360,45.698317,1.043349,15.306,14.519,14.494
03024710+0102469,45.696255,1.046377,16.108,15.463,15.16
03024218+0102542,45.675787,1.048395,17.239,15.878,15.249
03024139+0103028,45.672475,1.050781,16.673,15.845,15.23
03024244+0103312,45.676842,1.058672,15.985,15.579,15.593
03023371+0103362,45.640466,1.06006,16.771,15.818,15.599
03024058+0103304,45.669114,1.058461,16.836,17.29,16.088
03024003+0103480,45.666833,1.063336,15.945,15.252,14.881
03023564+0103552,45.648501,1.065336,15.39,14.803,14.719
03021987+0101137,45.582816,1.020487,16.731,16.349,15.117
03021984+0101176,45.5827,1.021573,16.602,15.968,14.938
03022100+0101429,45.587505,1.028606,16.476,15.964,16.636
03021836+0101359,45.576507,1.026647,16.418,15.423,15.342
03021897+0102085,45.57906,1.03572,16.673,16.026,15.319
03022522+0102095,45.605124,1.035985,14.145,13.559,13.356
03021644+0102459,45.568508,1.046086,16.183,15.803,15.257
03021360+0102436,45.556676,1.045471,16.819,16.23,16.774
03021070+0102369,45.544599,1.043592,14.632,14.155,14
03021829+0103246,45.576214,1.056836,16.988,16.084,15.486
03023174+0103487,45.632288,1.063534,12.365,11.836,11.742
03022494+0103255,45.603923,1.057085,11.827,11.543,11.468
03023563+0104566,45.648476,1.082391,14.078,13.33,13.171
03022149+0105100,45.589558,1.086137,17.146,16.276,15.478
03023058+0105573,45.627431,1.099259,11.779,11.323,11.199
03025059+0104054,45.710824,1.068168,16.567,16.049,15.368
03025298+0104157,45.72077,1.071034,15.957,15.301,15.347
03025474+0104374,45.728101,1.077072,14.156,13.423,13.219
03024714+0105360,45.696453,1.093339,15.217,14.855,14.671
03025241+0106163,45.718401,1.104534,14.212,13.943,13.927
03024792+0106320,45.699701,1.108913,14.28,13.62,13.395
03025878+0105300,45.744925,1.091693,16.8,16.275,15.927
03025931+0106551,45.747152,1.115312,16.617,16.035,15.59
03025663+0107314,45.735964,1.125416,14.843,14.112,13.893
03025416+0107372,45.725671,1.127014,17.121,16.252,16.036
03024269+0106264,45.677887,1.107342,11.059,10.802,10.715
03023988+0107210,45.666167,1.122503,15.093,14.329,14.09
03023566+0107108,45.64862,1.119677,14.409,13.988,13.817
03024789+0107292,45.699574,1.124791,16.659,16.015,15.893
03025043+0108411,45.710139,1.14476,14.4,13.821,13.681
03025532+0110128,45.73054,1.170244,18.623,16.003,17.238
03025208+0109536,45.717041,1.16491,13.346,12.98,12.898
03024485+0108477,45.686886,1.146589,14.41,13.706,13.575
03024499+0109119,45.687492,1.153314,16.627,16.19,15.633
03025140+0110535,45.714182,1.18154,16.913,16.361,16.028
03024812+0110248,45.700538,1.173575,16.282,15.567,15.406
03024535+0110370,45.688984,1.176953,16.676,16.05,15.437
03041575+0054396,46.065627,0.911013,15.706,15.337,15.291
03041096+0054562,46.045669,0.915615,16.302,15.833,15.63
03041622+0056157,46.067593,0.937718,16.664,15.952,15.299
03041584+0057122,46.066012,0.953396,14.403,13.813,13.775
03042323+0056270,46.096827,0.940842,11.395,10.808,10.554
03042255+0057413,46.093965,0.961489,16.719,16.303,15.665
03043216+0058127,46.134034,0.970198,16.487,16.056,15.563
03042806+0058052,46.116946,0.968135,16.202,15.429,14.863
03041575+0058266,46.065661,0.974082,17.145,16.507,15.952
03042007+0058368,46.083638,0.976908,15.789,14.98,14.39
03041716+0058379,46.071522,0.977199,17.219,16.807,15.875
03041869+0059063,46.077895,0.985108,16.56,15.994,15.29
03042368+0059052,46.09867,0.984789,15.868,15.253,14.93
03040814+0057587,46.033954,0.966325,16.94,16.098,15.702
03041235+0058195,46.051492,0.972087,15.243,14.913,14.642
03040966+0058188,46.040285,0.971889,15.838,15.221,15.03
03041077+0058292,46.044875,0.97479,12.944,12.632,12.543
03041136+0058320,46.047339,0.975565,15.036,14.429,14.308
03035635+0057237,45.984824,0.956601,16.423,15.904,14.905
03041334+0058276,46.055612,0.974337,16.907,16.633,15.648
03041399+0058562,46.058323,0.982304,16.581,15.943,15.093
03041953+0059471,46.081384,0.99643,16.571,15.64,15.256
03041506+0100158,46.062765,1.004413,15.893,15.221,14.687
